Comment,Designator,Footprint,LCSC Part #,Quantity
CL21A106KAYNNNE,"C6,C14,C17",C_0805_2012Metric,C15850,3
CC0603KRX7R9BB104,"C7,C11,C15,C18,C19",C_0603_1608Metric,C14663,5
CL10A105KB8NNNC,"C10,C12",C_0603_1608Metric,C15849,2
CL21A226MAQNNNE,"C20,C21",C_0805_2012Metric,C45783,2
"PMEG6010CEH,115",D1,D_SOD-123F,C110797,1
BZT52C5V1,D2,D_SOD-123,C699211,1
DM3D-SF,J2,microSD_HC_Hirose_DM3D-SF,C719027,1
USB4110-GF-A,J3,USB_C_Receptacle_GCT_USB4110,C5143397,1
SRP4020TA-4R7M,L2,L_SRP4020TA,C2041623,1
0603WAF1002T5E,"R6,R16,R24",R_0603_1608Metric,C25804,3
0603WAF220JT5E,"R7,R19,R20",R_0603_1608Metric,C23345,3
0603WAF3002T5E,"R14,R15",R_0603_1608Metric,C22984,2
0603WAF5101T5E,"R17,R18",R_0603_1608Metric,C23186,2
0603WAF1003T5E,"R21,R23,R28",R_0603_1608Metric,C25803,3
0603WAF1503T5E,R22,R_0603_1608Metric,C22807,1
4D03WGJ0103T5E,RN1,R_Array_Convex_4x0603,C29718,1
ESP32-S3-WROOM-1U-N16R8,U1,WROOM_1U_03mm_vias,C3013946,1
TPS2553DBVR,U4,SOT-23-6,C55266,1
USBLC6-2SC6,U5,SOT-23-6,C7519,1
AP63203WU-7,U8,SOT-23-6,C780769,1
