Designator,Mid X,Mid Y,Layer,Rotation
C6,7.75,1.4,Top,0
C7,4.25,1.15,Top,0
C10,20.8,14.6,Bottom,180
C11,33.8,12.9,Bottom,180
C12,4.8,15.15,Bottom,180
C14,27.6,5.4,Bottom,180
C15,30.8,6.4,Bottom,90
C17,16.5,6.9,Bottom,180
C18,13.7,14.9,Bottom,90
C19,11.2,14.9,Bottom,180
C20,4.5,10.4,Bottom,90
C21,12.5,6.65,Bottom,180
D1,3,19.2,Bottom,0
D2,23,6.4,Bottom,0
J2,7.7,11.6,Top,180
J3,29.5,17.65,Bottom,180
L2,8.5,10.1,Bottom,180
R6,8,3.9,Top,0
R7,4.75,3.4,Top,0
R14,17.65,18.2,Bottom,180
R15,17.65,15.9,Bottom,180
R16,23,9,Bottom,180
R17,1.8,12.4,Bottom,180
R18,33.8,10.4,Bottom,180
R19,26.9,8.2,Bottom,90
R20,30.4,8.8,Bottom,180
R21,33.8,7.9,Bottom,180
R22,33.8,5.8,Bottom,180
R23,1.8,15.15,Bottom,180
R24,1.8,6.9,Bottom,180
R28,12,18.4,Bottom,180
RN1,19.2,10.6,Bottom,270
U1,25.9,10.7,Top,0
U4,20.95,19,Bottom,270
U5,29.5,12.5,Bottom,270
U8,13.5,11.4,Bottom,270
